{"cameraMode":{"drawMode":0,"name":"Shaded","section":"Shading Mode"},"sceneLighting":false,"audioPlay":false,"sceneViewState":{"showFog":true,"showMaterialUpdate":false,"showSkybox":false,"showFlares":true,"showImageEffects":true,"showParticleSystems":true},"in2DMode":false,"pivot":{"x":3.194000005722046,"y":-0.2590000033378601,"z":-1.8949999809265137},"rotation":{"x":-0.17420145869255067,"y":0.7303863763809204,"z":-0.20238366723060609,"w":-0.6286764740943909},"size":4.016322612762451,"orthographic":false}