{"cameraMode":{"drawMode":0,"name":"Shaded","section":"Shading Mode"},"sceneLighting":false,"audioPlay":false,"sceneViewState":{"showFog":true,"showMaterialUpdate":false,"showSkybox":false,"showFlares":true,"showImageEffects":true,"showParticleSystems":true},"in2DMode":false,"pivot":{"x":7.152557373046875e-7,"y":0.28367799520492556,"z":-0.0011620521545410157},"rotation":{"x":-0.17420145869255067,"y":0.7303863763809204,"z":-0.20238366723060609,"w":-0.6286764740943909},"size":8.938922882080079,"orthographic":false}